                  epoch,         train/box_loss,         train/cls_loss,         train/dfl_loss,   metrics/precision(B),      metrics/recall(B),       metrics/mAP50(B),    metrics/mAP50-95(B),           val/box_loss,           val/cls_loss,           val/dfl_loss,                 lr/pg0,                 lr/pg1,                 lr/pg2
                      1,                0.83411,                0.65364,                 1.1913,                0.72149,                0.82149,                0.83892,                0.53012,                 1.1573,                 1.0287,                  1.745,                0.07129,                0.00029,                0.00029
                      2,                0.80242,                0.66303,                 1.1873,                0.86274,                0.91996,                  0.943,                0.56627,                  1.204,                0.94652,                 1.7564,               0.041473,             0.00047318,             0.00047318
                      3,                0.88843,                0.66067,                 1.2445,                 0.9887,                0.95122,                0.98594,                0.71186,                 1.0208,                0.72055,                 1.6557,               0.011538,             0.00053756,             0.00053756
                      4,                0.88037,                 0.6324,                 1.2361,                0.99452,                      1,                  0.995,                0.71807,                0.96909,                 0.6009,                 1.5795,               0.000406,               0.000406,               0.000406
                      5,                0.79254,                0.59024,                 1.1742,                0.99406,                      1,                  0.995,                0.76852,                0.90177,                0.54108,                  1.497,               0.000208,               0.000208,               0.000208
